USE db_hotel;
INSERT INTO usuarios VALUES (1, 'Amanda Aparecida Venancio', 'amandaap@gmail.com', '2014-07-02', '2021-04-03');



select * FROM usuarios;

INSERT INTO usuarios VALUES 
(2, 'José Amado Silva', 'joseamado@hotmail.com', '2014-12-12', '2016-12-21');


OK
INSERT INTO usuarios VALUES
(3,'Manoel Carlos Amado da Silva Pereira', 'manoelcarlos@gmail.com', '2016-03-21', '2019-05-14');
INSERT INTO usuarios VALUES
(4,'Carlos Eduardo de Pádua Silveira', 'carlos@minhaempresa.com', '2019-08-31', NULL);
INSERT INTO usuarios VALUES
(5,'Andréia de Castro Ferreira', 'andreia123@icloud.com', '2020-02-09', '2022-03-18');
INSERT INTO usuarios VALUES
(6,'Juliana Fonceca do Carmo Apolinário', 'juliana_fonceca@negocios.com', '2020-002-10', '2022-05-19');
INSERT INTO usuarios VALUES
(7,'Júlia Menezes Góis', 'jmg21@gmail.com', '2020-03-19', '2022-09-28');
INSERT INTO usuarios VALUES
(8,'Marcos Frederic Silveira', 'marcos_frederic@icloud.com', '2020-03-20', '2022-10-05');
INSERT INTO usuarios VALUES
(9,'Rafael Carvalho de Castro', 'rafael_carvalho45685@negocios.com', '2020-04-23', '2022-10-05');
INSERT INTO usuarios VALUES
(10,'Bianca Ferreira de Castro Menerva', 'bianca123@hotmail.com', '2020-04-24', '2020-12-20');





INSERT INTO usuarios VALUES
(11,'Hélio de Souza Parreira Vasconcelos',	'heliosp777@icloud.com',	'2020-04-25',	'2020-12-20');

OK
INSERT INTO usuarios VALUES
(12,'Osvaldo Suzano do Perfeito Socorro',	'Osvaldo@minhaempresa.com',	'2020-08-28,',	'2020-12-20');
INSERT INTO usuarios VALUES
(13,'Alana Santana Azevedo de Sousa',	'alanasantana_aze@uol.com',	'2020-04-30',	'2020-12-20');
INSERT INTO usuarios VALUES
(14,'Eliane Ferreira Lima', 	'Stefanobriks@gmail.com',	'2020-05-05',	'2020-12-20');
INSERT INTO usuarios VALUES
(15,'Geliane Stefano Brikstain',	'geliane@outlook.com',	'2020-05-08',	Null);
INSERT INTO usuarios VALUES
(16,'Jeovana Gleice Coelho Peixoto',	'jeovana456213@hotmail.com',	'2020-06-20',	'2020-12-20');
INSERT INTO usuarios VALUES
(17,'Túlio Gardene Pereira Peixoto',	'tuliogardene@icloud.com',	'2020-06-20',	'2020-12-20');
INSERT INTO usuarios VALUES
(18,'Fernanda Cruz de Meneses',	'fernanda123@uol.com',	'2020-06-20',	'2020-12-20');
INSERT INTO usuarios VALUES
(19,'Maria Eduarda Venâncio Fonceca e Cruz',	'maria_edu@hotmail.com',	'2020-06-20',	'2020-12-20');
INSERT INTO usuarios VALUES
(20,'Madalena Eduarda Lourenço Paz',	'madalenapaz@icloud.com',	'2020-06-20',	'2020-12-20');
INSERT INTO usuarios VALUES
(21,'Bruna Camila Dávila de Deus',	'brunacamila@negocios.com',	'2020-06-20',	'2020-12-20');
INSERT INTO usuarios VALUES
(22,'Pedro Santos Rodrigues',	'psr2121@hotmail.com',	'2020-06-20',	'2020-12-20');
INSERT INTO usuarios VALUES
(23,'Carolina Ferreira Alves e Pereira',	'carolina.ferreira@icloud.com',	'2020-06-20',	'2020-12-20');
INSERT INTO usuarios VALUES
(24,'Pedro Gomes Costa Martins',	'pedro_gomes456@uol.com',	'2020-06-20',	'2020-12-20');
INSERT INTO usuarios VALUES
(25,'Divina Lopes Soares',	'divina.lopes@icloud.com',	'2020-06-20',	Null);
INSERT INTO usuarios VALUES
(26,'Viviane Barbosa Vieira dos Santos',	'vivi-bvs000@hotmail.com',	'2020-06-20',	'2020-12-20');
INSERT INTO usuarios VALUES
(27,'Sandro Dias Nascimento Andrade',	'sandro.dias@gmail.com',	'2020-07-29',	'2020-12-20');
INSERT INTO usuarios VALUES
(28,'João Moreira Nunes',	'joao@business.com',	'2020-07-30',	'2020-12-20');
INSERT INTO usuarios VALUES
(29,'José Marques do Nascimento',	'josemasques@gmail.com',	'2020-08-01',	'2020-12-20');
INSERT INTO usuarios VALUES
(30,'Maria Machado de Freitas',	'maria.machado@gmail.com',	'2020-08-19',	'2020-12-21');
INSERT INTO usuarios VALUES
(31,'Paulo Ramos Gonçalves',	'paulorg-@outlook.com',	'2020-08-25',	'2021-01-01');
INSERT INTO usuarios VALUES
(32,'Daniela Cardoso Mendes',	'danicardoso-me@hotmail.com',	'2020-09-02',	'2020-09-05');
INSERT INTO usuarios VALUES
(33,'Patrícia Santana Ramos e Teixeira',	'patricia.4582@gmail.com',	'2020-10-17',	'2020-11-20');
INSERT INTO usuarios VALUES
(34,'Lúcia Nunes Andrade',	'lucia@yahoo.com',	'2020-11-25',	'2022-10-12');
INSERT INTO usuarios VALUES
(35,'Maurício Barbosa Vieira Dias',	'barbosa.mauricio@gmail.com',	'2021-12-30',	'2022-05-05');
INSERT INTO usuarios VALUES
(36,'Carmem Martins Gomes Lima',	'carmemmgl@gmail.com',	'2022-01-05',	Null);
INSERT INTO usuarios VALUES
(37,'Cleusa Fernandes Lopes Barbosa',	'cleusa.flb@gmail.com',	'2022-02-04',	Null);
INSERT INTO usuarios VALUES
(38,'Beatriz Moreira Marques',	'beatriz@yahoo.com',	'2022-02-04',	Null);
INSERT INTO usuarios VALUES
(39,'Lucas Ferreira Carvalho Martins',	'2020lucas@hotmail.com',	'2022-02-04',	Null);
INSERT INTO usuarios VALUES
(40,'Tiago Soares Dias Nascimento',	'tiago.tiago@gmail.com',	'2022-02-05',	Null);
INSERT INTO usuarios VALUES
(41,'Nércia Martins Costa Gomes',	'nerciagomes@gmail.com',	'2022-02-06',	Null);
INSERT INTO usuarios VALUES
(42,'Rodrigo Santos Oliveira Ferreira',	'rodrigosof15889654788552@gmail.com',	'2022-02-07',	Null);


OK
USE db_hotel;
INSERT INTO reservas VALUE (1,'Standard','2014-07-02 14:21:56','2014-07-20','2014-07-25',4,190.00,1,1);
INSERT INTO reservas VALUE (2,'Standard','2014-12-12 14:21:56','2015-01-25','2015-01-27',2,190.00,2,2);
INSERT INTO reservas VALUE (3,'Luxo','2016-03-21 14:21:56','2016-03-25','2016-03-27',2,250.00,3,3);
INSERT INTO reservas VALUE (4,'Presidencial','2019-09-05 14:21:56','2019-09-12','2019-09-19',1,400.00,5,4);
INSERT INTO reservas VALUE (5,'Standard','2020-02-09 14:21:56','2020-03-11','2020-03-13',4,190.00,6,5);
INSERT INTO reservas VALUE (6,'Standard','2020-03-19 14:21:56','2020-03-19','2020-03-21',3,190.00,7,6);
INSERT INTO reservas VALUE (7,'Luxo','2020-03-20 14:21:56','2020-03-22','2020-03-25',1,250.00,8,7);



OK
USE db_hotel;
INSERT INTO reservas VALUE (8,'Standard','2020-04-23 14:21:56','2020-04-25','2020-04-26',2,190.00,9,0);
INSERT INTO reservas VALUE (9,'Standard','2020-04-25 14:21:56','2020-04-30','2020-05-05',1,190.00,10,0);
INSERT INTO reservas VALUE (10,'Luxo','2020-04-25 14:21:56','2020-05-01','2020-05-03',2,250.00,11,8);
INSERT INTO reservas VALUE (11,'Luxo','2020-04-25 14:21:56','2020-05-03','2020-05-05',1,250.00,12,9);
INSERT INTO reservas VALUE (12,'Standard','2020-04-30 14:21:56','2020-05-04','2020-05-07',4,190.00,13,10);
INSERT INTO reservas VALUE (13,'Luxo','2020-04-30 14:21:56','2020-05-05','2020-05-07',1,250.00,14,0);
INSERT INTO reservas VALUE (14,'Standard','2020-05-05 14:21:56','2020-05-07','2020-05-09',1,190.00,16,11);
INSERT INTO reservas VALUE (15,'Luxo','2020-05-08 14:21:56','2020-05-10','2020-05-15',3,250.00,17,12);
INSERT INTO reservas VALUE (16,'Presidencial','2020-06-20 14:21:56','2020-07-12','2020-07-17',1,400.00,18,13);
INSERT INTO reservas VALUE (17,'Standard','2020-06-20 14:21:56','2020-07-12','2020-07-17',2,190,19,14);
INSERT INTO reservas VALUE (18,'Luxo','2020-06-20 14:21:56','2020-07-12','2020-07-17',1,250.00,20,15);
INSERT INTO reservas VALUE (19,'Standard','2020-06-20 14:21:56','2020-07-12','2020-07-17',2,190.00,21,0);
INSERT INTO reservas VALUE (20,'Luxo','2020-06-20 14:21:56','2020-07-12','2020-07-17',1,250.00,22,0);
INSERT INTO reservas VALUE (21,'Standard','2020-06-20 14:21:56','2020-07-12','2020-07-17',1,190.00,23,0);
INSERT INTO reservas VALUE (22,'Luxo','2020-06-20 14:21:56','2020-07-12','2020-07-17',1,250.00,24,0);
INSERT INTO reservas VALUE (23,'Presidencial','2020-06-20 14:21:56','2020-07-12','2020-07-17',1,400.00,26,0);
INSERT INTO reservas VALUE (24,'Standard','2020-06-20 14:21:56','2020-07-12','2020-07-17',1,190.00,27,0);
INSERT INTO reservas VALUE (25,'Standard','2020-06-20 14:21:56','2020-07-12','2020-07-17',2,190.00,28,0);
INSERT INTO reservas VALUE (26,'Standard','2020-06-20 14:21:56','2020-07-12','2020-07-17',2,190,29,0);
INSERT INTO reservas VALUE (27,'Standard','2020-07-29 14:21:56','2020-08-30','2020-09-03',1,190.00,30,16);
INSERT INTO reservas VALUE (28,'Standard','2020-07-30 14:21:56','2020-09-01','2020-10-05',2,190.00,31,0);
INSERT INTO reservas VALUE (29,'Luxo','2020-08-05 14:21:56','2020-09-05','2020-09-10',1,250.00,32,0);
INSERT INTO reservas VALUE (30,'Luxo','2020-08-19 14:21:56','2020-09-05','2020-09-08',3,250.00,33,17);
INSERT INTO reservas VALUE (31,'Standard','2020-09-30 14:21:56','2020-10-11','2020-10-15',1,190.00,34,18);
INSERT INTO reservas VALUE (32,'Standard','2020-10-02 14:21:56','2020-10-15','2020-10-16',1,190.00,35,0);

OK
 USE db_hotel;
INSERT INTO cupons VALUE (1,'0.1','2014-06-10 00:00:00','2014-12-09 23:59:00','2014-07-02 10:05:36',1);

OK
 USE db_hotel;
INSERT INTO cupons VALUE (2,'0.1','2014-12-10 00:00:00','2015-06-09 23:59:00','2014-12-12 14:21:56',1);
INSERT INTO cupons VALUE (3,'0.1','2015-12-10 00:00:00','2016-06-09 23:59:00','2016-03-21 14:21:56',1);
INSERT INTO cupons VALUE (4,'0.1','2019-06-10 00:00:00','2019-12-09 23:59:00','2019-09-05 14:21:56',1);
INSERT INTO cupons VALUE (5,'0.1','2019-12-10 00:00:00','2020-06-09 23:59:00','2020-02-09 14:21:56',1);
INSERT INTO cupons VALUE (6,'0.1','2019-12-10 00:00:00','2020-06-09 23:59:00','2020-03-19 14:21:56',1);
INSERT INTO cupons VALUE (7,'0.1','2019-12-10 00:00:00','2020-06-09 23:59:00','2020-03-20 14:21:56',1);
INSERT INTO cupons VALUE (8,'0.1','2019-12-10 00:00:00','2020-06-09 23:59:00','2020-04-25 14:21:56',1);
INSERT INTO cupons VALUE (9,'0.1','2019-12-10 00:00:00','2020-06-09 23:59:00','2020-04-25 14:21:56',1);

OK
 USE db_hotel;
INSERT INTO cupons VALUE (10,'0.1','2019-12-10 00:00:00','2020-06-09 23:59:00','2020-04-30 18:13:29',1);
INSERT INTO cupons VALUE (11,'0.1','2019-12-10 00:00:00','2020-06-09 23:59:00','2020-05-05 18:13:29',1);
INSERT INTO cupons VALUE (12,'0.1','2019-12-10 00:00:00','2020-06-09 23:59:00','2020-05-08 18:13:29',1);
INSERT INTO cupons VALUE (13,'0.1','2020-06-10 00:00:00','2020-12-09 23:59:00','2020-06-20 18:13:29',1);
INSERT INTO cupons VALUE (14,'0.1','2020-06-10 00:00:00','2020-12-09 23:59:00','2020-06-20 18:13:29',1);
INSERT INTO cupons VALUE (15,'0.1','2020-06-10 00:00:00','2020-12-09 23:59:00','2020-06-20 10:05:36',1);
INSERT INTO cupons VALUE (16,'0.1','2020-12-10 00:00:00','2021-06-09 23:59:00','2020-07-29 10:05:36',1);
INSERT INTO cupons VALUE (17,'0.1','2020-12-10 00:00:00','2021-06-09 23:59:00','2020-08-19 10:05:36',1);
INSERT INTO cupons VALUE (18,'0.1','2020-12-10 00:00:00','2021-06-09 23:59:00','2020-09-30 10:05:36',1);
 
 
 OK
 USE db_hotel;
 INSERT INTO checkins VALUES (1,'2014-07-20 13:56:12',1,1);
INSERT INTO checkins VALUES (2,'2015-01-25 13:56:12',2,2);
INSERT INTO checkins VALUES (3,'2016-03-25 13:56:12',3,3);
INSERT INTO checkins VALUES (4,'2019-09-12 13:56:12',4,5);
INSERT INTO checkins VALUES (5,'2020-03-11 13:56:12',5,6);
INSERT INTO checkins VALUES (6,'2020-03-19 13:56:12',6,7);
INSERT INTO checkins VALUES (7,'2020-03-22 13:56:12',7,8);
INSERT INTO checkins VALUES (8,'2020-04-25 13:56:12',8,9);
INSERT INTO checkins VALUES (9,'2020-04-30 13:56:12',9,10);
INSERT INTO checkins VALUES (10,'2020-05-01 13:56:12',10,11);
INSERT INTO checkins VALUES (11,'2020-05-03 13:56:12',11,12);
INSERT INTO checkins VALUES (12,'2020-05-04 13:56:12',12,13);
INSERT INTO checkins VALUES (13,'2020-05-05 13:56:12',13,14);
INSERT INTO checkins VALUES (14,'2020-05-07 13:56:12',14,16);


OK
 USE db_hotel;
INSERT INTO checkins VALUES (15,'2020-05-10 13:56:12',15,17);
INSERT INTO checkins VALUES (16,'2020-07-12 13:56:12',16,18);
INSERT INTO checkins VALUES (17,'2020-07-12 13:56:12',17,19);
INSERT INTO checkins VALUES (18,'2020-07-12 13:56:12',18,20);
INSERT INTO checkins VALUES (19,'2020-07-12 13:56:12',19,21);
INSERT INTO checkins VALUES (20,'2020-07-12 13:56:12',20,22);
INSERT INTO checkins VALUES (21,'2020-07-12 13:56:12',21,23);
INSERT INTO checkins VALUES (22,'2020-07-12 13:56:12',22,24);
INSERT INTO checkins VALUES (23,'2020-07-12 13:56:12',23,26);
INSERT INTO checkins VALUES (24,'2020-07-12 13:56:12',24,27);
INSERT INTO checkins VALUES (25,'2020-07-12 13:56:12',25,28);
INSERT INTO checkins VALUES (26,'2020-07-12 13:56:12',26,29);
INSERT INTO checkins VALUES (27,'2020-08-30 13:56:12',27,30);
INSERT INTO checkins VALUES (28,'2020-09-01 13:56:12',28,31);
INSERT INTO checkins VALUES (29,'2020-09-05 13:56:12',29,32);
INSERT INTO checkins VALUES (30,'2020-09-05 13:56:12',30,33);
INSERT INTO checkins VALUES (31,'2020-10-11 13:56:12',31,34);
INSERT INTO checkins VALUES (32,'2020-10-15 13:56:12',32,35);
 
 
OK
 USE db_hotel;
 INSERT INTO hospedes VALUES (1,'Amanda Aparecida Venancio','45658715822','1956-06-15','6265892589','titular','ativo',1,1,1);
INSERT INTO hospedes VALUES (2,'José Amado Silva','15875425625','1980-08-15','6265892589','titular','ativo',2,2,2);
INSERT INTO hospedes VALUES (3,'Manoel Carlos Amado da Silva Pereira','14754869211','1972-11-11','6265892589','titular','ativo',3,3,3);


OK
USE db_hotel;
INSERT INTO hospedes VALUES (4,'Andréia de Castro Ferreira','14525896354','1960-03-02','6265892589','titular','ativo',4,4,5);
INSERT INTO hospedes VALUES (5,'Juliana Fonceca do Carmo Apolinário','14525632894','1967-10-05','6265892589','titular','ativo',5,5,6);
INSERT INTO hospedes VALUES (6,'Júlia Menezes Góis','54797583791','1978-07-25','6265892589','titular','ativo',6,6,7);
INSERT INTO hospedes VALUES (7,'Marcos Frederic Silveira','15248687823','1985-11-03','6265892589','titular','ativo',7,7,8);
INSERT INTO hospedes VALUES (8,'Rafael Carvalho de Castro','22256894512','1990-12-05','6265892589','titular','ativo',8,8,9);
INSERT INTO hospedes VALUES (9,'Bianca Ferreira de Castro Menerva','23645789512','1982-01-19','6265892589','titular','ativo',9,9,10);
INSERT INTO hospedes VALUES (10,'Hélio de Souza Parreira ','12469856325','1983-05-20','6265892589','titular','ativo',10,10,11);
INSERT INTO hospedes VALUES (11,'Osvaldo Suzano do Perfeito Socorro','14527532632','1967-08-25','6265892589','titular','ativo',11,11,12);
INSERT INTO hospedes VALUES (12,'Alana Santana Azevedo de Sousa','18778488825','1971-06-30','6265892589','titular','ativo',12,12,13);
INSERT INTO hospedes VALUES (13,'Eliane Ferreira Lima ','47369214658','1985-03-19','6265892589','titular','ativo',13,13,14);
INSERT INTO hospedes VALUES (14,'Jeovana Gleice Coelho Peixoto','14578545154','1969-08-17','6265892589','titular','ativo',14,14,16);
INSERT INTO hospedes VALUES (15,'Túlio Gardene Pereira Peixoto','14544469658','1979-04-18','6265892589','titular','ativo',15,15,17);
INSERT INTO hospedes VALUES (16,'Fernanda Cruz de Meneses','14525489788','1986-08-18','6265892589','titular','ativo',16,16,18);
INSERT INTO hospedes VALUES (17,'Maria Eduarda Venâncio Fonceca e Cruz','47877896588','1982-01-27','6265892589','titular','ativo',17,17,19);
INSERT INTO hospedes VALUES (18,'Madalena Eduarda Lourenço Paz','14515478788','1983-06/17','6265892589','titular','ativo',18,18,20);
INSERT INTO hospedes VALUES (19,'Bruna Camila Dávila de Deus','14545458888','1988-02-23','6265892589','titular','ativo',19,19,21);
INSERT INTO hospedes VALUES (20,'Pedro Santos Rodrigues','45457836566','1989-06-12','6265892589','titular','ativo',20,20,22);
INSERT INTO hospedes VALUES (21,'Carolina Ferreira Alves e Pereira','25625596884','1951-04-14','6265892589','titular','ativo',21,21,23);
INSERT INTO hospedes VALUES (22,'Pedro Gomes Costa Martins','14511123523','1990-01-03','6265892589','titular','ativo',22,22,24);
INSERT INTO hospedes VALUES (23,'Viviane Barbosa Vieira dos Santos','78657858725','1991-10-25','6265892589','titular','ativo',23,23,26);
INSERT INTO hospedes VALUES (24,'Sandro Dias Nascimento Andrade','45125632566','1980-12-26','6265892589','titular','ativo',24,24,27);
INSERT INTO hospedes VALUES (25,'João Moreira Nunes','21224897762','1961-07-19','6265892589','titular','ativo',25,25,28);
INSERT INTO hospedes VALUES (26,'José Marques do Nascimento','45452236588','1965-06-24','6265892589','titular','ativo',26,26,29);
INSERT INTO hospedes VALUES (27,'Maria Machado de Freitas','45452563225','1995-05-21','6265892589','titular','ativo',27,27,30);
INSERT INTO hospedes VALUES (28,'Paulo Ramos Gonçalves','12221556546','1987-07-26','6265892589','titular','ativo',28,28,31);
INSERT INTO hospedes VALUES (29,'Daniela Cardoso Mendes','45525542235','1983-08-31','6265892589','titular','ativo',29,29,32);
INSERT INTO hospedes VALUES (30,'Patrícia Santana Ramos e Teixeira','55442232555','1985-12-25','6265892589','titular','ativo',30,30,33);
INSERT INTO hospedes VALUES (31,'Lúcia Nunes Andrade','55488522485','1975-01-21','6265892589','titular','ativo',31,31,34);
INSERT INTO hospedes VALUES (32,'Maurício Barbosa Vieira Dias','55214863358','1981-03-19','6265892589','titular','ativo',32,32,35);

OK
USE db_hotel;
INSERT INTO hospedes VALUES (33,'Carmem Martins Gomes Lima','48563589411','2010-08-12','6265892589','dependente','ativo',1,1,1);
INSERT INTO hospedes VALUES (34,'Cleusa Fernandes Lopes Barbosa','15875632566','1970-05-17','6265892589','dependente','ativo',1,1,1);
INSERT INTO hospedes VALUES (35,'Beatriz Moreira Marques','15478526355','2013-02-21','6265892589','dependente','ativo',1,1,1);
INSERT INTO hospedes VALUES (36,'Lucas Ferreira Carvalho Martins','15245587563','1975-03-15','6265892589','dependente','ativo',2,2,2);
INSERT INTO hospedes VALUES (37,'Tiago Soares Dias Nascimento','15265896522','1986-09-18','6265892589','dependente','ativo',3,3,3);





USE db_hotel;
INSERT INTO hospedes VALUES (38,'Márcia Martins Costa Gomes','15232632585','1989-02-14','6265892589','dependente','ativo',5,5,6);
INSERT INTO hospedes VALUES (39,'Rodrigo Santos Oliveira Ferreira','25623562587','1981-06-15','6265892589','dependente','ativo',5,5,6);
INSERT INTO hospedes VALUES (40,'Barbara Souza de Paula','25156525895','2002-07-14','6265892589','dependente','ativo',5,5,6);
INSERT INTO hospedes VALUES (41,'Fernando Augusto Meneses','15241254785','2000-08-19','6265892589','dependente','ativo',6,6,7);
INSERT INTO hospedes VALUES (42,'Isadora Venâncio da Cruz','25623521565','2001-07-17','6265892589','dependente','ativo',6,6,7);
INSERT INTO hospedes VALUES (43,'Beatriz Andarade Aparecida','45685952145','2000-05-18','6265892589','dependente','ativo',8,8,9);
INSERT INTO hospedes VALUES (44,'José de Freitas Ferreira','45125874512','1999-06-14','6265892589','dependente','ativo',10,10,11);
INSERT INTO hospedes VALUES (45,'Paulo Amado de Jesus','45125965877','1998-02-12','6265892589','dependente','ativo',12,12,13);
INSERT INTO hospedes VALUES (46,'Gabriel Duarte Pereira ','15258985812','1997-05-01','6265892589','dependente','ativo',12,12,13);
INSERT INTO hospedes VALUES (47,'Izabela Muniz Castro Souza','12546896325','1995-09-05','6265892589','dependente','ativo',12,12,13);
INSERT INTO hospedes VALUES (48,'Enzo Albuquerque Almeida Alves','15215632569','1994-04-03','6265892589','dependente','ativo',15,15,17);
INSERT INTO hospedes VALUES (49,'Priscila Amorin Andrade','26325895644','2004-07-05','6265892589','dependente','ativo',15,15,17);
INSERT INTO hospedes VALUES (50,'Felipe Antunes Aragão','65895412588','1998-03-05','6265892589','dependente','ativo',17,17,19);
INSERT INTO hospedes VALUES (51,'Miguel Azevedo Barbosa','15236985477','1997-06-05','6265892589','dependente','ativo',19,19,21);
INSERT INTO hospedes VALUES (52,'Antonio Bastos Batista','56234695211','2006-08-04','6265892589','dependente','ativo',25,25,28);
INSERT INTO hospedes VALUES (53,'Fernando Camargo Botelho','23698715455','2003-02-07','6265892589','dependente','ativo',26,26,29);
INSERT INTO hospedes VALUES (54,'Mariana Bernardes Cardoso','15248963255','1996-09-19','6265892589','dependente','ativo',28,28,31);
INSERT INTO hospedes VALUES (55,'Janaína Barbosa Carvalho','12536985477','2012-09-21','6265892589','dependente','ativo',30,30,33);

USE db_hotel;
INSERT INTO hospedes VALUES (56,'Natália Couto Fiqueiredo','23562658999','2011-04-12','6265892589','dependente','ativo',30,30,33);
 
 
 
 USE db_hotel;
 INSERT INTO departamentos VALUE (1,	'atendimento',	1);
INSERT INTO departamentos VALUE (2,	'cozinha',	1);
INSERT INTO departamentos VALUE (3,	'RH',	1);
INSERT INTO departamentos VALUE (4,	'concierge',	1);
INSERT INTO departamentos VALUE (5,	'marketing',	1);
INSERT INTO departamentos VALUE (6,	'vendas',	1);
INSERT INTO departamentos VALUE (7,	'administrativo',	1);
INSERT INTO departamentos VALUE (8,	'financeiro',	1);
INSERT INTO departamentos VALUE (9,	'servicos gerais',	1);
INSERT INTO departamentos VALUE (10,	'jardinagem',	1);





USE db_hotel;
INSERT INTO funcionarios VALUE ('156891' , 'Maria Machado de Freitas' , '6265892589' , 'ativo' , '2023-02-23' , '2023-02-23' , 1);
INSERT INTO funcionarios VALUE ('156892' , 'Paulo Ramos Gonçalves' , '6265892589' , 'ativo' , '2023-02-23' , '2023-02-23' , 1);
INSERT INTO funcionarios VALUE ('156893' , 'Daniela Cardoso Mendes' , '6265892589' , 'ferias' , '2023-02-27' , '2023-02-27' , 1);
INSERT INTO funcionarios VALUE ('156894' , 'Patrícia Santana Ramos e Teixeira' , '6265892589' , 'licenca' , '2023-02-07' , '2023-02-07' , 1);
INSERT INTO funcionarios VALUE ('156895' , 'Lúcia Nunes Andrade' , '6265892589' , 'ativo' , '2023-02-23' , '2023-02-23' , 1);
INSERT INTO funcionarios VALUE ('156896' , 'Maurício Barbosa Vieira Dias' , '6265892589' , 'ativo' , '2023-02-23' , '2023-02-23' , 1);
INSERT INTO funcionarios VALUE ('156897' , 'Carmem Martins Gomes Lima' , '6265892589' , 'ferias' , '2023-01-02' , '2023-01-02' , 2);
INSERT INTO funcionarios VALUE ('156898' , 'Cleusa Fernandes Lopes Barbosa' , '6265892589' , 'ativo' , '2023-02-23' , '2023-02-23' , 2);
INSERT INTO funcionarios VALUE ('156899' , 'Beatriz Moreira Marques' , '6265892589' , 'ativo' , '2023-02-23' , '2023-02-23' , 2);
INSERT INTO funcionarios VALUE ('156900' , 'Lucas Ferreira Carvalho Martins' , '6265892589' , 'ativo' , '2023-02-23' , '2023-02-23' , 2);
INSERT INTO funcionarios VALUE ('156901' , 'Tiago Soares Dias Nascimento' , '6265892589' , 'ativo' , '2023-02-23' , '2023-02-23' , 3);
INSERT INTO funcionarios VALUE ('156902' , 'Márcia Martins Costa Gomes' , '6265892589' , 'ativo' , '2023-02-23' , '2023-02-23' , 3);
INSERT INTO funcionarios VALUE ('156903' , 'Rodrigo Santos Oliveira Ferreira' , '6265892589' , 'ativo' , '2023-02-23' , '2023-02-23' , 3);
INSERT INTO funcionarios VALUE ('156904' , 'Barbara Souza de Paula' , '6265892589' , 'ativo' , '2023-02-23' , '2023-02-23' , 4);


USE db_hotel;
INSERT INTO funcionarios VALUE ('156905' , 'Fernando Augusto Meneses' , '6265892589' , 'ferias' , '2023-01-30' , '2023-01-30' , 4);
INSERT INTO funcionarios VALUE ('156906' , 'Isadora Venâncio da Cruz' , '6265892589' , 'ativo' , '2023-02-23' , '2023-02-23' , 4);
INSERT INTO funcionarios VALUE ('156907' , 'Beatriz Andarade Aparecida' , '6265892589' , 'ativo' , '2023-02-23' , '2023-02-23' , 5);
INSERT INTO funcionarios VALUE ('156908' , 'Antonio Bastos Batista' , '6265892589' , 'ativo' , '2023-02-23' , '2023-02-23' , 6);
INSERT INTO funcionarios VALUE ('156909' , 'José de Freitas Ferreira' , '6265892589' , 'licenca' , '2023-02-06' , '2023-02-06' , 6);
INSERT INTO funcionarios VALUE ('156910' , 'Eliane Ferreira Lima ' , '6265892589' , 'ativo' , '2023-02-23' , '2023-02-23' , 7);
INSERT INTO funcionarios VALUE ('156911' , 'Paulo Amado de Jesus' , '6265892589' , 'ferias' , '2023-01-13' , '2023-01-13' , 7);
INSERT INTO funcionarios VALUE ('156912' , 'Janaína Barbosa Carvalho' , '6265892589' , 'ativo' , '2023-02-23' , '2023-02-23' , 8);
INSERT INTO funcionarios VALUE ('156913' , 'Gabriel Duarte Pereira ' , '6265892589' , 'ativo' , '2023-02-23' , '2023-02-23' , 9);
INSERT INTO funcionarios VALUE ('156914' , 'Izabela Muniz Castro Souza' , '6265892589' , 'ferias' , '2023-02-01' , '2023-02-01' , 9);
INSERT INTO funcionarios VALUE ('156915' , 'Enzo Albuquerque Almeida Alves' , '6265892589' , 'ativo' , '2023-02-23' , '2023-02-23' , 10);




USE db_hotel;
INSERT INTO funcionarios VALUE ('156883',	 'Emanuela Soares de Souza',	 '6265892589',	 'desligado',	 '2021-11-30',	 '2021-11-30',	1);
INSERT INTO funcionarios VALUE ('156884',	 'Aparecido do Bento Silva',	 '6265892589',	 'desligado',	 '2021-11-30',	 '2021-11-30',	1);
INSERT INTO funcionarios VALUE ('156885',	 'Fernanda Damasco de Paula',	 '6265892589',	 'desligado',	 '2021-11-30',	 '2021-11-30',	2);
INSERT INTO funcionarios VALUE ('156886',	 'Luana de Castro Fernandes',	 '6265892589',	 'desligado',	 '2021-11-30',	 '2021-11-30',	3);
INSERT INTO funcionarios VALUE ('156887',	 'Nilva Andrade de Jesus',	 '6265892589',	 'desligado',	 '2021-11-30',	 '2021-11-30',	4);
INSERT INTO funcionarios VALUE ('156888',	 'Paulo Alencastro Filho',	 '6265892589',	 'desligado',	 '2021-11-30',	 '2021-11-30',	8);
INSERT INTO funcionarios VALUE ('156889',	 'Zeferino Aparecido Ferreira',	 '6265892589',	 'desligado',	 '2021-11-30',	 '2021-11-30',	10);
INSERT INTO funcionarios VALUE ('156890',	 'Carlos Borba Benedito',	 '6265892589',	 'desligado',	 '2021-11-30',	 '2021-11-30',	6);







USE db_hotel;
 INSERT INTO consumos VALUE (1,42,'Água',003.00,'2014-07-20 18:00:00','Bar','156883',1);
INSERT INTO consumos VALUE (2,42,'Água',003.00,'2014-07-20 18:00:00','Bar','156883',1);
INSERT INTO consumos VALUE (3,42,'Água',003.00,'2014-07-20 18:00:00','Bar','156883',1);
INSERT INTO consumos VALUE (4,42,'Água',003.00,'2014-07-20 18:00:00','Bar','156883',1);
INSERT INTO consumos VALUE (5,42,'Cerveja',008.00,'2014-07-25 13:30:00','Quarto','156891',1);
INSERT INTO consumos VALUE (6,42,'Cerveja',008.00,'2014-07-25 13:30:00','Quarto','156891',1);
INSERT INTO consumos VALUE (7,42,'Cerveja',008.00,'2014-07-25 13:30:00','Quarto','156891',1);
INSERT INTO consumos VALUE (8,42,'Cerveja',008.00,'2014-07-25 13:30:00','Quarto','156891',1);
INSERT INTO consumos VALUE (9,42,'Cerveja',008.00,'2014-07-25 13:30:00','Quarto','156891',1);
INSERT INTO consumos VALUE (10,42,'Refrigerante',005.00,'2014-07-25 13:30:00','Quarto','156891',1);
INSERT INTO consumos VALUE (11,42,'Refrigerante',005.00,'2014-07-25 13:30:00','Quarto','156891',1);
INSERT INTO consumos VALUE (12,42,'Barra de chocolate',012.00,'2014-07-25 13:30:00','Quarto','156891',1);
INSERT INTO consumos VALUE (13,42,'Batata chips',008.00,'2014-07-25 13:30:00','Quarto','156891',1);
INSERT INTO consumos VALUE (14,42,'Amendoim',007.00,'2014-07-25 13:30:00','Quarto','156891',1);
INSERT INTO consumos VALUE (15,42,'Café',003.00,'2014-07-25 13:30:00','Quarto','156891',1);
INSERT INTO consumos VALUE (16,42,'Café',003.00,'2014-07-25 13:30:00','Quarto','156891',1);
INSERT INTO consumos VALUE (17,42,'Café',003.00,'2014-07-25 13:30:00','Quarto','156891',1);
INSERT INTO consumos VALUE (18,42,'Café',003.00,'2014-07-25 13:30:00','Quarto','156891',1);
INSERT INTO consumos VALUE (19,42,'Café',003.00,'2014-07-25 13:30:00','Quarto','156891',1);
INSERT INTO consumos VALUE (20,42,'Café',003.00,'2014-07-25 13:30:00','Quarto','156891',1);
INSERT INTO consumos VALUE (21,42,'Café',003.00,'2014-07-25 13:30:00','Quarto','156891',1);
INSERT INTO consumos VALUE (22,42,'Café',003.00,'2014-07-25 13:30:00','Quarto','156891',1);
INSERT INTO consumos VALUE (23,42,'Pao de queijo',006.00,'2014-07-25 13:30:00','Quarto','156891',1);
INSERT INTO consumos VALUE (24,42,'Pao de queijo',006.00,'2014-07-25 13:30:00','Quarto','156891',1);
INSERT INTO consumos VALUE (25,42,'Pao de queijo',006.00,'2014-07-25 13:30:00','Quarto','156891',1);
INSERT INTO consumos VALUE (26,42,'Pao de queijo',006.00,'2014-07-25 13:30:00','Quarto','156891',1);
INSERT INTO consumos VALUE (27,42,'Pao de queijo',006.00,'2014-07-25 13:30:00','Quarto','156891',1);
INSERT INTO consumos VALUE (28,42,'Pao de queijo',006.00,'2014-07-25 13:30:00','Quarto','156891',1);
INSERT INTO consumos VALUE (29,42,'Pao de queijo',006.00,'2014-07-25 13:30:00','Quarto','156891',1);
INSERT INTO consumos VALUE (30,42,'Pao de queijo',006.00,'2014-07-25 13:30:00','Quarto','156891',1);
INSERT INTO consumos VALUE (31,42,'Pao de queijo',006.00,'2014-07-25 13:30:00','Quarto','156891',1);
INSERT INTO consumos VALUE (32,42,'Pao de queijo',006.00,'2014-07-25 13:30:00','Quarto','156891',1);
INSERT INTO consumos VALUE (33,42,'Lanche completo',023.00,'2014-07-25 16:00:00','Restaurante','156885',2);
INSERT INTO consumos VALUE (34,42,'Lanche completo',023.00,'2014-07-25 16:00:00','Restaurante','156885',2);
INSERT INTO consumos VALUE (35,42,'Almoco',025.00,'2014-07-25 12:10:00','Restaurante','156885',2);
INSERT INTO consumos VALUE (36,42,'Almoco',025.00,'2014-07-25 12:10:00','Restaurante','156885',2);
INSERT INTO consumos VALUE (37,43,'Água',003.00,'2015-01-25 18:00:00','Bar','156883',1);
INSERT INTO consumos VALUE (38,43,'Água',003.00,'2015-01-25 18:00:00','Bar','156883',1);
INSERT INTO consumos VALUE (39,43,'Água',003.00,'2015-01-25 18:00:00','Bar','156883',1);
INSERT INTO consumos VALUE (40,43,'Água',003.00,'2015-01-25 18:00:00','Bar','156883',1);
INSERT INTO consumos VALUE (41,43,'Cerveja',008.00,'2015-01-27 13:00:00','Quarto','156891',1);
INSERT INTO consumos VALUE (42,43,'Cerveja',008.00,'2015-01-27 13:00:00','Quarto','156891',1);
INSERT INTO consumos VALUE (43,43,'Cerveja',008.00,'2015-01-27 13:00:00','Quarto','156891',1);
INSERT INTO consumos VALUE (44,43,'Cerveja',008.00,'2015-01-27 13:00:00','Quarto','156891',1);
INSERT INTO consumos VALUE (45,43,'Cerveja',008.00,'2015-01-27 13:00:00','Quarto','156891',1);
INSERT INTO consumos VALUE (46,43,'Refrigerante',005.00,'2015-01-27 13:00:00','Quarto','156891',1);
INSERT INTO consumos VALUE (47,43,'Refrigerante',005.00,'2015-01-27 13:00:00','Quarto','156891',1);
INSERT INTO consumos VALUE (48,43,'Barra de chocolate',012.00,'2015-01-27 13:00:00','Quarto','156891',1);
INSERT INTO consumos VALUE (49,43,'Batata chips',008.00,'2015-01-27 13:00:00','Quarto','156891',1);
INSERT INTO consumos VALUE (50,43,'Amendoim',007.00,'2015-01-27 13:00:00','Quarto','156891',1);
INSERT INTO consumos VALUE (51,43,'Café',003.00,'2015-01-27 13:00:00','Quarto','156891',1);
INSERT INTO consumos VALUE (52,43,'Café',003.00,'2015-01-27 13:00:00','Quarto','156891',1);
INSERT INTO consumos VALUE (53,43,'Café',003.00,'2015-01-27 13:00:00','Quarto','156891',1);
INSERT INTO consumos VALUE (54,43,'Café',003.00,'2015-01-27 13:00:00','Quarto','156891',1);
INSERT INTO consumos VALUE (55,43,'Café',003.00,'2015-01-27 13:00:00','Quarto','156891',1);
INSERT INTO consumos VALUE (56,43,'Café',003.00,'2015-01-27 13:00:00','Quarto','156891',1);
INSERT INTO consumos VALUE (57,43,'Café',003.00,'2015-01-27 13:00:00','Quarto','156891',1);
INSERT INTO consumos VALUE (58,43,'Café',003.00,'2015-01-27 13:00:00','Quarto','156891',1);
INSERT INTO consumos VALUE (59,43,'Pao de queijo',006.00,'2015-01-27 13:00:00','Quarto','156891',1);
INSERT INTO consumos VALUE (60,43,'Pao de queijo',006.00,'2015-01-27 13:00:00','Quarto','156891',1);
INSERT INTO consumos VALUE (61,43,'Pao de queijo',006.00,'2015-01-27 13:00:00','Quarto','156891',1);
INSERT INTO consumos VALUE (62,43,'Pao de queijo',006.00,'2015-01-27 13:00:00','Quarto','156891',1);
INSERT INTO consumos VALUE (63,43,'Pao de queijo',006.00,'2015-01-27 13:00:00','Quarto','156891',1);
INSERT INTO consumos VALUE (64,43,'Pao de queijo',006.00,'2015-01-27 13:00:00','Quarto','156891',1);
INSERT INTO consumos VALUE (65,43,'Pao de queijo',006.00,'2015-01-27 13:00:00','Quarto','156891',1);
INSERT INTO consumos VALUE (66,43,'Pao de queijo',006.00,'2015-01-27 13:00:00','Quarto','156891',1);
INSERT INTO consumos VALUE (67,43,'Pao de queijo',006.00,'2015-01-27 13:00:00','Quarto','156891',1);
INSERT INTO consumos VALUE (68,43,'Pao de queijo',006.00,'2015-01-27 13:00:00','Quarto','156891',1);
INSERT INTO consumos VALUE (69,43,'Lanche completo',023.00,'2015-01-25 15:00:00','Restaurante','156885',2);
INSERT INTO consumos VALUE (70,43,'Lanche completo',023.00,'2015-01-25 15:00:00','Restaurante','156885',2);
INSERT INTO consumos VALUE (72,43,'Almoco',025.00,'2015-01-25 11:50:00','Restaurante','156885',2);
INSERT INTO consumos VALUE (73,58,'Água',003.00,'2016-03-25 18:00:00','Bar','156884',1);
INSERT INTO consumos VALUE (74,58,'Água',003.00,'2016-03-25 18:00:00','Bar','156884',1);
INSERT INTO consumos VALUE (75,58,'Água',003.00,'2016-03-25 18:00:00','Bar','156884',1);
INSERT INTO consumos VALUE (76,58,'Água',003.00,'2016-03-25 18:00:00','Bar','156884',1);
INSERT INTO consumos VALUE (77,58,'Cerveja',008.00,'2016-03-27 13:10:00','Quarto','156894',1);
INSERT INTO consumos VALUE (78,58,'Cerveja',008.00,'2016-03-27 13:10:00','Quarto','156894',1);
INSERT INTO consumos VALUE (79,58,'Cerveja',008.00,'2016-03-27 13:10:00','Quarto','156894',1);
INSERT INTO consumos VALUE (80,58,'Cerveja',008.00,'2016-03-27 13:10:00','Quarto','156894',1);
INSERT INTO consumos VALUE (81,58,'Cerveja',008.00,'2016-03-27 13:10:00','Quarto','156894',1);
INSERT INTO consumos VALUE (82,58,'Refrigerante',005.00,'2016-03-27 13:10:00','Quarto','156894',1);
INSERT INTO consumos VALUE (83,58,'Refrigerante',005.00,'2016-03-27 13:10:00','Quarto','156894',1);
INSERT INTO consumos VALUE (84,58,'Barra de chocolate',012.00,'2016-03-27 13:10:00','Quarto','156894',1);
INSERT INTO consumos VALUE (85,58,'Batata chips',008.00,'2016-03-27 13:10:00','Quarto','156894',1);
INSERT INTO consumos VALUE (86,58,'Amendoim',007.00,'2016-03-27 13:10:00','Quarto','156894',1);
INSERT INTO consumos VALUE (87,58,'Café',003.00,'2016-03-27 13:10:00','Quarto','156894',1);
INSERT INTO consumos VALUE (88,58,'Café',003.00,'2016-03-27 13:10:00','Quarto','156894',1);
INSERT INTO consumos VALUE (89,58,'Café',003.00,'2016-03-27 13:10:00','Quarto','156894',1);
INSERT INTO consumos VALUE (90,58,'Café',003.00,'2016-03-27 13:10:00','Quarto','156894',1);
INSERT INTO consumos VALUE (91,58,'Café',003.00,'2016-03-27 13:10:00','Quarto','156894',1);
INSERT INTO consumos VALUE (92,58,'Café',003.00,'2016-03-27 13:10:00','Quarto','156894',1);
INSERT INTO consumos VALUE (93,58,'Café',003.00,'2016-03-27 13:10:00','Quarto','156894',1);
INSERT INTO consumos VALUE (94,58,'Café',003.00,'2016-03-27 13:10:00','Quarto','156894',1);
INSERT INTO consumos VALUE (95,58,'Pao de queijo',006.00,'2016-03-27 13:10:00','Quarto','156894',1);
INSERT INTO consumos VALUE (96,58,'Pao de queijo',006.00,'2016-03-27 13:10:00','Quarto','156894',1);
INSERT INTO consumos VALUE (97,58,'Pao de queijo',006.00,'2016-03-27 13:10:00','Quarto','156894',1);
INSERT INTO consumos VALUE (98,58,'Pao de queijo',006.00,'2016-03-27 13:10:00','Quarto','156894',1);
INSERT INTO consumos VALUE (99,58,'Pao de queijo',006.00,'2016-03-27 13:10:00','Quarto','156894',1);
INSERT INTO consumos VALUE (100,58,'Pao de queijo',006.00,'2016-03-27 13:10:00','Quarto','156894',1);
INSERT INTO consumos VALUE (101,58,'Pao de queijo',006.00,'2016-03-27 13:10:00','Quarto','156894',1);
INSERT INTO consumos VALUE (102,58,'Pao de queijo',006.00,'2016-03-27 13:10:00','Quarto','156894',1);
INSERT INTO consumos VALUE (103,58,'Pao de queijo',006.00,'2016-03-27 13:10:00','Quarto','156894',1);
INSERT INTO consumos VALUE (104,58,'Pao de queijo',006.00,'2016-03-27 13:10:00','Quarto','156894',1);
INSERT INTO consumos VALUE (105,58,'Lanche completo',023.00,'2016-03-25 15:40:00','Restaurante','156897',2);
INSERT INTO consumos VALUE (106,58,'Lanche completo',023.00,'2016-03-25 15:40:00','Restaurante','156897',2);
INSERT INTO consumos VALUE (107,58,'Almoco',025.00,'2016-03-25 12:30:00','Restaurante','156897',2);
INSERT INTO consumos VALUE (108,58,'Almoco',025.00,'2016-03-25 12:30:00','Restaurante','156897',2);









SELECT * FROM funcionarios;